ligand,pmf_free,pmf_bound,om_free,om_bound,free_energy,error
2,"[(0.0, 0.0000e+00 kcal/mol, 0.0000e+00 kcal/mol), (0.1, -3.5982 kcal/mol, 0.0482 kcal/mol), (0.2, -6.1727 kcal/mol, 0.0658 kcal/mol), (0.3, -8.3055 kcal/mol, 0.0779 kcal/mol), (0.4, -10.5476 kcal/mol, 0.0874 kcal/mol), (0.5, -13.0156 kcal/mol, 0.0955 kcal/mol), (0.6, -15.7634 kcal/mol, 0.1032 kcal/mol), (0.7, -18.7623 kcal/mol, 0.1108 kcal/mol), (0.8, -21.9720 kcal/mol, 0.1180 kcal/mol), (0.9, -25.2291 kcal/mol, 0.1263 kcal/mol), (1.0, -28.2595 kcal/mol, 0.1346 kcal/mol)]","[(0.0, 0.0000e+00 kcal/mol, 0.0000e+00 kcal/mol), (0.1, -4.1203 kcal/mol, 0.0424 kcal/mol), (0.2, -6.9413 kcal/mol, 0.0579 kcal/mol), (0.3, -9.1119 kcal/mol, 0.0616 kcal/mol), (0.4, -11.3413 kcal/mol, 0.0646 kcal/mol), (0.5, -13.8229 kcal/mol, 0.0673 kcal/mol), (0.6, -16.5908 kcal/mol, 0.0699 kcal/mol), (0.7, -19.6777 kcal/mol, 0.0726 kcal/mol), (0.8, -22.9910 kcal/mol, 0.0753 kcal/mol), (0.9, -26.3491 kcal/mol, 0.0784 kcal/mol), (1.0, -29.1641 kcal/mol, 0.0825 kcal/mol)]","[[0.8728, 0.1249, 0.0023, 0.0, 0.0, 0.0, 0.0, 0.0, 0.0, 0.0, 0.0], [0.1249, 0.6867, 0.1811, 0.0073, 0.0001, 0.0, 0.0, 0.0, 0.0, 0.0, 0.0], [0.0023, 0.1811, 0.6109, 0.1963, 0.0092, 0.0001, 0.0, 0.0, 0.0, 0.0, 0.0], [0.0, 0.0073, 0.1963, 0.5735, 0.2104, 0.0124, 0.0001, 0.0, 0.0, 0.0, 0.0], [0.0, 0.0001, 0.0092, 0.2104, 0.553, 0.2152, 0.0121, 0.0001, 0.0, 0.0, 0.0], [0.0, 0.0, 0.0001, 0.0124, 0.2152, 0.5477, 0.2132, 0.0114, 0.0001, 0.0, 0.0], [0.0, 0.0, 0.0, 0.0001, 0.0121, 0.2132, 0.5656, 0.2003, 0.0087, 0.0, 0.0], [0.0, 0.0, 0.0, 0.0, 0.0001, 0.0114, 0.2003, 0.5739, 0.2076, 0.0066, 0.0], [0.0, 0.0, 0.0, 0.0, 0.0, 0.0001, 0.0087, 0.2076, 0.6041, 0.175, 0.0045], [0.0, 0.0, 0.0, 0.0, 0.0, 0.0, 0.0, 0.0066, 0.175, 0.6496, 0.1687], [0.0, 0.0, 0.0, 0.0, 0.0, 0.0, 0.0, 0.0, 0.0045, 0.1687, 0.8268]]","[[0.9667, 0.0308, 0.0025, 0.0, 0.0, 0.0, 0.0, 0.0, 0.0, 0.0, 0.0], [0.1848, 0.4917, 0.3169, 0.0066, 0.0, 0.0, 0.0, 0.0, 0.0, 0.0, 0.0], [0.003, 0.0633, 0.7326, 0.1922, 0.0088, 0.0001, 0.0, 0.0, 0.0, 0.0, 0.0], [0.0, 0.0013, 0.1922, 0.5864, 0.2084, 0.0116, 0.0001, 0.0, 0.0, 0.0, 0.0], [0.0, 0.0, 0.0088, 0.2084, 0.5569, 0.2135, 0.0123, 0.0001, 0.0, 0.0, 0.0], [0.0, 0.0, 0.0001, 0.0116, 0.2135, 0.5518, 0.2124, 0.0106, 0.0001, 0.0, 0.0], [0.0, 0.0, 0.0, 0.0001, 0.0123, 0.2124, 0.5609, 0.2054, 0.0089, 0.0, 0.0], [0.0, 0.0, 0.0, 0.0, 0.0001, 0.0106, 0.2054, 0.5808, 0.1974, 0.0058, 0.0], [0.0, 0.0, 0.0, 0.0, 0.0, 0.0001, 0.0089, 0.1974, 0.6143, 0.1761, 0.0032], [0.0, 0.0, 0.0, 0.0, 0.0, 0.0, 0.0, 0.0058, 0.1761, 0.6842, 0.1339], [0.0, 0.0, 0.0, 0.0, 0.0, 0.0, 0.0, 0.0, 0.0032, 0.1339, 0.8629]]",-0.9046 kcal/mol,0.1579 kcal/mol
3,"[(0.0, 0.0000e+00 kcal/mol, 0.0000e+00 kcal/mol), (0.1, -2.1037 kcal/mol, 0.0182 kcal/mol), (0.2, -2.3248 kcal/mol, 0.0249 kcal/mol), (0.3, -2.8233 kcal/mol, 0.0297 kcal/mol), (0.4, -3.8793 kcal/mol, 0.0335 kcal/mol), (0.5, -5.0925 kcal/mol, 0.0397 kcal/mol), (0.6, -7.3438 kcal/mol, 0.0429 kcal/mol), (0.7, -6.0106 kcal/mol, 0.0450 kcal/mol), (0.8, -4.0835 kcal/mol, 0.0484 kcal/mol), (0.9, -2.7893 kcal/mol, 0.0512 kcal/mol), (1.0, -1.7609 kcal/mol, 0.0543 kcal/mol)]","[(0.0, 0.0000e+00 kcal/mol, 0.0000e+00 kcal/mol), (0.1, -2.2554 kcal/mol, 0.0644 kcal/mol), (0.2, -2.4445 kcal/mol, 0.0881 kcal/mol), (0.3, -3.2991 kcal/mol, 0.1080 kcal/mol), (0.4, -4.2213 kcal/mol, 0.1220 kcal/mol), (0.5, -5.5961 kcal/mol, 0.1393 kcal/mol), (0.6, -7.5351 kcal/mol, 0.1474 kcal/mol), (0.7, -6.1343 kcal/mol, 0.1523 kcal/mol), (0.8, -4.2362 kcal/mol, 0.1663 kcal/mol), (0.9, -3.7455 kcal/mol, 0.1713 kcal/mol), (1.0, -3.6376 kcal/mol, 0.1800 kcal/mol)]","[[0.8903, 0.1073, 0.0024, 0.0, 0.0, 0.0, 0.0, 0.0, 0.0, 0.0, 0.0], [0.1073, 0.7389, 0.1491, 0.0043, 0.0001, 0.0, 0.0, 0.0, 0.0, 0.0001, 0.0001], [0.0024, 0.1491, 0.6861, 0.1535, 0.0064, 0.0003, 0.0, 0.0, 0.0004, 0.0012, 0.0006], [0.0, 0.0043, 0.1535, 0.6698, 0.162, 0.0061, 0.0001, 0.0003, 0.0017, 0.0018, 0.0004], [0.0, 0.0001, 0.0064, 0.162, 0.7543, 0.0727, 0.0006, 0.0013, 0.002, 0.0006, 0.0001], [0.0, 0.0, 0.0003, 0.0061, 0.0727, 0.78, 0.1201, 0.0186, 0.002, 0.0002, 0.0], [0.0, 0.0, 0.0, 0.0001, 0.0006, 0.1201, 0.8027, 0.0759, 0.0006, 0.0, 0.0], [0.0, 0.0, 0.0, 0.0003, 0.0013, 0.0186, 0.0759, 0.8371, 0.0661, 0.0006, 0.0], [0.0, 0.0, 0.0004, 0.0017, 0.002, 0.002, 0.0006, 0.0661, 0.8206, 0.1047, 0.0017], [0.0, 0.0001, 0.0012, 0.0018, 0.0006, 0.0002, 0.0, 0.0006, 0.1047, 0.7825, 0.1083], [0.0, 0.0002, 0.0011, 0.0007, 0.0001, 0.0, 0.0, 0.0, 0.0035, 0.2165, 0.7778]]","[[0.9044, 0.0941, 0.0015, 0.0, 0.0, 0.0, 0.0, 0.0, 0.0, 0.0, 0.0], [0.0941, 0.7767, 0.1273, 0.0015, 0.0, 0.0, 0.0, 0.0, 0.0, 0.0001, 0.0003], [0.0015, 0.1273, 0.7505, 0.1129, 0.0042, 0.0001, 0.0, 0.0, 0.0008, 0.0016, 0.0009], [0.0, 0.0015, 0.1129, 0.757, 0.1217, 0.0024, 0.0, 0.0003, 0.0019, 0.002, 0.0002], [0.0, 0.0, 0.0042, 0.1217, 0.7899, 0.0781, 0.001, 0.0023, 0.0022, 0.0007, 0.0], [0.0, 0.0, 0.0001, 0.0024, 0.0781, 0.7699, 0.1274, 0.0208, 0.0011, 0.0001, 0.0], [0.0, 0.0, 0.0, 0.0, 0.001, 0.1274, 0.7823, 0.0888, 0.0004, 0.0, 0.0], [0.0, 0.0, 0.0, 0.0003, 0.0023, 0.0208, 0.0888, 0.8473, 0.0398, 0.0007, 0.0], [0.0, 0.0, 0.0008, 0.0019, 0.0022, 0.0011, 0.0004, 0.0398, 0.8025, 0.1484, 0.0028], [0.0, 0.0001, 0.0016, 0.002, 0.0007, 0.0001, 0.0, 0.0007, 0.1484, 0.7166, 0.1298], [0.0, 0.0003, 0.0009, 0.0002, 0.0, 0.0, 0.0, 0.0, 0.0028, 0.1298, 0.8659]]",-1.8767 kcal/mol,0.1880 kcal/mol
4,"[(0.0, 0.0000e+00 kcal/mol, 0.0000e+00 kcal/mol), (0.1, -1.3878 kcal/mol, 0.0290 kcal/mol), (0.2, -2.0697 kcal/mol, 0.0427 kcal/mol), (0.3, -2.4154 kcal/mol, 0.0510 kcal/mol), (0.4, -2.5434 kcal/mol, 0.0570 kcal/mol), (0.5, -2.5960 kcal/mol, 0.0626 kcal/mol), (0.6, -2.6696 kcal/mol, 0.0680 kcal/mol), (0.7, -2.7647 kcal/mol, 0.0732 kcal/mol), (0.8, -2.8592 kcal/mol, 0.0781 kcal/mol), (0.9, -2.9250 kcal/mol, 0.0829 kcal/mol), (1.0, -3.0196 kcal/mol, 0.0880 kcal/mol)]","[(0.0, 0.0000e+00 kcal/mol, 0.0000e+00 kcal/mol), (0.1, -1.6040 kcal/mol, 0.0363 kcal/mol), (0.2, -2.3408 kcal/mol, 0.0505 kcal/mol), (0.3, -2.6795 kcal/mol, 0.0598 kcal/mol), (0.4, -2.8488 kcal/mol, 0.0666 kcal/mol), (0.5, -2.9089 kcal/mol, 0.0721 kcal/mol), (0.6, -2.9627 kcal/mol, 0.0776 kcal/mol), (0.7, -3.0824 kcal/mol, 0.0831 kcal/mol), (0.8, -3.2462 kcal/mol, 0.0883 kcal/mol), (0.9, -3.4180 kcal/mol, 0.0935 kcal/mol), (1.0, -3.6203 kcal/mol, 0.0989 kcal/mol)]","[[0.7792, 0.2007, 0.019, 0.001, 0.0, 0.0, 0.0, 0.0, 0.0, 0.0, 0.0], [0.2007, 0.5393, 0.2236, 0.0335, 0.0028, 0.0001, 0.0, 0.0, 0.0, 0.0, 0.0], [0.019, 0.2236, 0.4624, 0.239, 0.0514, 0.0044, 0.0001, 0.0, 0.0, 0.0, 0.0], [0.001, 0.0335, 0.239, 0.419, 0.2498, 0.0537, 0.0039, 0.0001, 0.0, 0.0, 0.0], [0.0, 0.0028, 0.0514, 0.2498, 0.4044, 0.2391, 0.0491, 0.0033, 0.0001, 0.0, 0.0], [0.0, 0.0001, 0.0044, 0.0537, 0.2391, 0.4102, 0.2426, 0.047, 0.0029, 0.0001, 0.0], [0.0, 0.0, 0.0001, 0.0039, 0.0491, 0.2426, 0.4172, 0.2397, 0.0447, 0.0026, 0.0], [0.0, 0.0, 0.0, 0.0001, 0.0033, 0.047, 0.2397, 0.4218, 0.243, 0.0432, 0.0019], [0.0, 0.0, 0.0, 0.0, 0.0001, 0.0029, 0.0447, 0.243, 0.4347, 0.2384, 0.0362], [0.0, 0.0, 0.0, 0.0, 0.0, 0.0001, 0.0026, 0.0432, 0.2384, 0.4515, 0.2643], [0.0, 0.0, 0.0, 0.0, 0.0, 0.0, 0.0, 0.0019, 0.0362, 0.2643, 0.6976]]","[[0.8139, 0.172, 0.0134, 0.0008, 0.0, 0.0, 0.0, 0.0, 0.0, 0.0, 0.0], [0.172, 0.5719, 0.2255, 0.0289, 0.0018, 0.0001, 0.0, 0.0, 0.0, 0.0, 0.0], [0.0134, 0.2255, 0.4902, 0.2284, 0.0393, 0.0032, 0.0001, 0.0, 0.0, 0.0, 0.0], [0.0008, 0.0289, 0.2284, 0.4401, 0.2442, 0.0534, 0.0042, 0.0001, 0.0, 0.0, 0.0], [0.0, 0.0018, 0.0393, 0.2442, 0.4135, 0.2463, 0.0516, 0.0034, 0.0001, 0.0, 0.0], [0.0, 0.0001, 0.0032, 0.0534, 0.2463, 0.408, 0.2414, 0.0451, 0.0026, 0.0, 0.0], [0.0, 0.0, 0.0001, 0.0042, 0.0516, 0.2414, 0.4203, 0.2375, 0.0426, 0.0023, 0.0], [0.0, 0.0, 0.0, 0.0001, 0.0034, 0.0451, 0.2375, 0.4279, 0.2437, 0.0406, 0.0018], [0.0, 0.0, 0.0, 0.0, 0.0001, 0.0026, 0.0426, 0.2437, 0.4351, 0.2401, 0.0359], [0.0, 0.0, 0.0, 0.0, 0.0, 0.0, 0.0023, 0.0406, 0.2401, 0.4566, 0.2604], [0.0, 0.0, 0.0, 0.0, 0.0, 0.0, 0.0, 0.0018, 0.0359, 0.2604, 0.7019]]",-0.6007 kcal/mol,0.1324 kcal/mol
5,"[(0.0, 0.0000e+00 kcal/mol, 0.0000e+00 kcal/mol), (0.1, -0.5835 kcal/mol, 0.0294 kcal/mol), (0.2, -0.4908 kcal/mol, 0.0427 kcal/mol), (0.3, 0.0208 kcal/mol, 0.0508 kcal/mol), (0.4, 0.7169 kcal/mol, 0.0573 kcal/mol), (0.5, 1.4320 kcal/mol, 0.0632 kcal/mol), (0.6, 2.1349 kcal/mol, 0.0686 kcal/mol), (0.7, 2.8399 kcal/mol, 0.0738 kcal/mol), (0.8, 3.5415 kcal/mol, 0.0788 kcal/mol), (0.9, 4.2354 kcal/mol, 0.0839 kcal/mol), (1.0, 4.9478 kcal/mol, 0.0889 kcal/mol)]","[(0.0, 0.0000e+00 kcal/mol, 0.0000e+00 kcal/mol), (0.1, -0.5118 kcal/mol, 0.0138 kcal/mol), (0.2, -0.2897 kcal/mol, 0.0210 kcal/mol), (0.3, 0.3063 kcal/mol, 0.0254 kcal/mol), (0.4, 1.0556 kcal/mol, 0.0290 kcal/mol), (0.5, 1.8191 kcal/mol, 0.0322 kcal/mol), (0.6, 2.5621 kcal/mol, 0.0351 kcal/mol), (0.7, 3.2925 kcal/mol, 0.0379 kcal/mol), (0.8, 4.0195 kcal/mol, 0.0406 kcal/mol), (0.9, 4.7519 kcal/mol, 0.0432 kcal/mol), (1.0, 5.5036 kcal/mol, 0.0459 kcal/mol)]","[[0.778, 0.201, 0.0197, 0.0013, 0.0, 0.0, 0.0, 0.0, 0.0, 0.0, 0.0], [0.201, 0.5247, 0.2317, 0.0393, 0.0033, 0.0001, 0.0, 0.0, 0.0, 0.0, 0.0], [0.0197, 0.2317, 0.4526, 0.242, 0.05, 0.004, 0.0001, 0.0, 0.0, 0.0, 0.0], [0.0013, 0.0393, 0.242, 0.4189, 0.2437, 0.0509, 0.0038, 0.0001, 0.0, 0.0, 0.0], [0.0, 0.0033, 0.05, 0.2437, 0.409, 0.24, 0.0504, 0.0036, 0.0001, 0.0, 0.0], [0.0, 0.0001, 0.004, 0.0509, 0.24, 0.4081, 0.2451, 0.0488, 0.0031, 0.0001, 0.0], [0.0, 0.0, 0.0001, 0.0038, 0.0504, 0.2451, 0.4133, 0.24, 0.0448, 0.0025, 0.0], [0.0, 0.0, 0.0, 0.0001, 0.0036, 0.0488, 0.24, 0.4222, 0.2423, 0.0409, 0.002], [0.0, 0.0, 0.0, 0.0, 0.0001, 0.0031, 0.0448, 0.2423, 0.4315, 0.2383, 0.0399], [0.0, 0.0, 0.0, 0.0, 0.0, 0.0001, 0.0025, 0.0409, 0.2383, 0.4531, 0.2651], [0.0, 0.0, 0.0, 0.0, 0.0, 0.0, 0.0, 0.002, 0.0399, 0.2651, 0.693]]","[[0.8067, 0.1718, 0.02, 0.0014, 0.0001, 0.0, 0.0, 0.0, 0.0, 0.0, 0.0], [0.2405, 0.4885, 0.2281, 0.0395, 0.0032, 0.0001, 0.0, 0.0, 0.0, 0.0, 0.0], [0.028, 0.2281, 0.4489, 0.2414, 0.0497, 0.0039, 0.0001, 0.0, 0.0, 0.0, 0.0], [0.002, 0.0395, 0.2414, 0.4194, 0.2431, 0.0508, 0.0038, 0.0001, 0.0, 0.0, 0.0], [0.0001, 0.0032, 0.0497, 0.2431, 0.4079, 0.2425, 0.0501, 0.0035, 0.0001, 0.0, 0.0], [0.0, 0.0001, 0.0039, 0.0508, 0.2425, 0.4102, 0.2412, 0.0482, 0.003, 0.0001, 0.0], [0.0, 0.0, 0.0001, 0.0038, 0.0501, 0.2412, 0.4149, 0.2424, 0.0449, 0.0025, 0.0], [0.0, 0.0, 0.0, 0.0001, 0.0035, 0.0482, 0.2424, 0.4221, 0.2398, 0.0418, 0.0021], [0.0, 0.0, 0.0, 0.0, 0.0001, 0.003, 0.0449, 0.2398, 0.4303, 0.2423, 0.0395], [0.0, 0.0, 0.0, 0.0, 0.0, 0.0001, 0.0025, 0.0418, 0.2423, 0.4503, 0.263], [0.0, 0.0, 0.0, 0.0, 0.0, 0.0, 0.0, 0.0021, 0.0395, 0.263, 0.6954]]",0.5558 kcal/mol,0.1001 kcal/mol
6,"[(0.0, 0.0000e+00 kcal/mol, 0.0000e+00 kcal/mol), (0.1, -1.4960 kcal/mol, 0.0400 kcal/mol), (0.2, -2.4163 kcal/mol, 0.0580 kcal/mol), (0.3, -2.9444 kcal/mol, 0.0696 kcal/mol), (0.4, -3.3764 kcal/mol, 0.0791 kcal/mol), (0.5, -3.8643 kcal/mol, 0.0874 kcal/mol), (0.6, -4.4090 kcal/mol, 0.0950 kcal/mol), (0.7, -4.8300 kcal/mol, 0.1027 kcal/mol), (0.8, -4.8189 kcal/mol, 0.1109 kcal/mol), (0.9, -4.1377 kcal/mol, 0.1208 kcal/mol), (1.0, -2.4084 kcal/mol, 0.1346 kcal/mol)]","[(0.0, 0.0000e+00 kcal/mol, 0.0000e+00 kcal/mol), (0.1, -1.7708 kcal/mol, 0.0532 kcal/mol), (0.2, -2.9739 kcal/mol, 0.0769 kcal/mol), (0.3, -3.7155 kcal/mol, 0.0912 kcal/mol), (0.4, -4.2703 kcal/mol, 0.1020 kcal/mol), (0.5, -4.8036 kcal/mol, 0.1116 kcal/mol), (0.6, -5.4289 kcal/mol, 0.1212 kcal/mol), (0.7, -6.0728 kcal/mol, 0.1305 kcal/mol), (0.8, -6.3007 kcal/mol, 0.1399 kcal/mol), (0.9, -5.6464 kcal/mol, 0.1517 kcal/mol), (1.0, -3.4636 kcal/mol, 0.1711 kcal/mol)]","[[0.8566, 0.1413, 0.0021, 0.0, 0.0, 0.0, 0.0, 0.0, 0.0, 0.0, 0.0], [0.1413, 0.6838, 0.1697, 0.0052, 0.0, 0.0, 0.0, 0.0, 0.0, 0.0, 0.0], [0.0021, 0.1697, 0.6279, 0.1933, 0.007, 0.0, 0.0, 0.0, 0.0, 0.0, 0.0], [0.0, 0.0052, 0.1933, 0.5953, 0.1985, 0.0077, 0.0, 0.0, 0.0, 0.0, 0.0], [0.0, 0.0, 0.007, 0.1985, 0.5871, 0.1997, 0.0077, 0.0, 0.0, 0.0, 0.0], [0.0, 0.0, 0.0, 0.0077, 0.1997, 0.5832, 0.2021, 0.0072, 0.0, 0.0, 0.0], [0.0, 0.0, 0.0, 0.0, 0.0077, 0.2021, 0.5979, 0.1874, 0.0049, 0.0, 0.0], [0.0, 0.0, 0.0, 0.0, 0.0, 0.0072, 0.1874, 0.6363, 0.1671, 0.002, 0.0], [0.0, 0.0, 0.0, 0.0, 0.0, 0.0, 0.0049, 0.1671, 0.6923, 0.1352, 0.0005], [0.0, 0.0, 0.0, 0.0, 0.0, 0.0, 0.0, 0.002, 0.1352, 0.7729, 0.09], [0.0, 0.0, 0.0, 0.0, 0.0, 0.0, 0.0, 0.0, 0.0005, 0.09, 0.9095]]","[[0.872, 0.1267, 0.0013, 0.0, 0.0, 0.0, 0.0, 0.0, 0.0, 0.0, 0.0], [0.1267, 0.7202, 0.1498, 0.0033, 0.0, 0.0, 0.0, 0.0, 0.0, 0.0, 0.0], [0.0013, 0.1498, 0.6584, 0.1836, 0.0069, 0.0, 0.0, 0.0, 0.0, 0.0, 0.0], [0.0, 0.0033, 0.1836, 0.6028, 0.2017, 0.0086, 0.0, 0.0, 0.0, 0.0, 0.0], [0.0, 0.0, 0.0069, 0.2017, 0.5811, 0.2028, 0.0075, 0.0, 0.0, 0.0, 0.0], [0.0, 0.0, 0.0, 0.0086, 0.2028, 0.5921, 0.1903, 0.0061, 0.0, 0.0, 0.0], [0.0, 0.0, 0.0, 0.0, 0.0075, 0.1903, 0.6122, 0.1844, 0.0055, 0.0, 0.0], [0.0, 0.0, 0.0, 0.0, 0.0, 0.0061, 0.1844, 0.6342, 0.1731, 0.0022, 0.0], [0.0, 0.0, 0.0, 0.0, 0.0, 0.0, 0.0055, 0.1731, 0.686, 0.135, 0.0004], [0.0, 0.0, 0.0, 0.0, 0.0, 0.0, 0.0, 0.0022, 0.135, 0.7859, 0.0769], [0.0, 0.0, 0.0, 0.0, 0.0, 0.0, 0.0, 0.0, 0.0004, 0.0769, 0.9227]]",-1.0552 kcal/mol,0.2177 kcal/mol
7,"[(0.0, 0.0000e+00 kcal/mol, 0.0000e+00 kcal/mol), (0.1, -4.8903 kcal/mol, 0.0358 kcal/mol), (0.2, -9.3883 kcal/mol, 0.0516 kcal/mol), (0.3, -13.7755 kcal/mol, 0.0623 kcal/mol), (0.4, -18.2159 kcal/mol, 0.0713 kcal/mol), (0.5, -22.6988 kcal/mol, 0.0804 kcal/mol), (0.6, -27.2932 kcal/mol, 0.0892 kcal/mol), (0.7, -31.8924 kcal/mol, 0.0985 kcal/mol), (0.8, -36.3513 kcal/mol, 0.1081 kcal/mol), (0.9, -40.5378 kcal/mol, 0.1192 kcal/mol), (1.0, -44.2443 kcal/mol, 0.1325 kcal/mol)]","[(0.0, 0.0000e+00 kcal/mol, 0.0000e+00 kcal/mol), (0.1, -4.9492 kcal/mol, 0.0164 kcal/mol), (0.2, -9.5159 kcal/mol, 0.0255 kcal/mol), (0.3, -13.9770 kcal/mol, 0.0318 kcal/mol), (0.4, -18.6167 kcal/mol, 0.0374 kcal/mol), (0.5, -23.5457 kcal/mol, 0.0416 kcal/mol), (0.6, -28.4054 kcal/mol, 0.0464 kcal/mol), (0.7, -33.1364 kcal/mol, 0.0507 kcal/mol), (0.8, -37.3076 kcal/mol, 0.0571 kcal/mol), (0.9, -41.2008 kcal/mol, 0.0650 kcal/mol), (1.0, -44.6131 kcal/mol, 0.0765 kcal/mol)]","[[0.8292, 0.1642, 0.0065, 0.0001, 0.0, 0.0, 0.0, 0.0, 0.0, 0.0, 0.0], [0.1642, 0.6209, 0.2015, 0.0132, 0.0002, 0.0, 0.0, 0.0, 0.0, 0.0, 0.0], [0.0065, 0.2015, 0.5641, 0.2128, 0.0148, 0.0002, 0.0, 0.0, 0.0, 0.0, 0.0], [0.0001, 0.0132, 0.2128, 0.5434, 0.2171, 0.0133, 0.0002, 0.0, 0.0, 0.0, 0.0], [0.0, 0.0002, 0.0148, 0.2171, 0.567, 0.1911, 0.0097, 0.0001, 0.0, 0.0, 0.0], [0.0, 0.0, 0.0002, 0.0133, 0.1911, 0.6018, 0.1872, 0.0064, 0.0, 0.0, 0.0], [0.0, 0.0, 0.0, 0.0002, 0.0097, 0.1872, 0.6313, 0.1678, 0.0038, 0.0, 0.0], [0.0, 0.0, 0.0, 0.0, 0.0001, 0.0064, 0.1678, 0.6705, 0.1533, 0.0019, 0.0], [0.0, 0.0, 0.0, 0.0, 0.0, 0.0, 0.0038, 0.1533, 0.7158, 0.1264, 0.0006], [0.0, 0.0, 0.0, 0.0, 0.0, 0.0, 0.0, 0.0019, 0.1264, 0.7742, 0.0976], [0.0, 0.0, 0.0, 0.0, 0.0, 0.0, 0.0, 0.0, 0.0006, 0.0976, 0.9018]]","[[0.891, 0.1056, 0.0033, 0.0, 0.0, 0.0, 0.0, 0.0, 0.0, 0.0, 0.0], [0.1937, 0.627, 0.1694, 0.0098, 0.0001, 0.0, 0.0, 0.0, 0.0, 0.0, 0.0], [0.0072, 0.2032, 0.567, 0.2112, 0.0112, 0.0001, 0.0, 0.0, 0.0, 0.0, 0.0], [0.0001, 0.0118, 0.2112, 0.5693, 0.1952, 0.0122, 0.0002, 0.0, 0.0, 0.0, 0.0], [0.0, 0.0001, 0.0112, 0.1952, 0.5559, 0.2243, 0.0131, 0.0001, 0.0, 0.0, 0.0], [0.0, 0.0, 0.0001, 0.0122, 0.2243, 0.578, 0.1768, 0.0086, 0.0001, 0.0, 0.0], [0.0, 0.0, 0.0, 0.0002, 0.0131, 0.1768, 0.6133, 0.1923, 0.0044, 0.0, 0.0], [0.0, 0.0, 0.0, 0.0, 0.0001, 0.0086, 0.1923, 0.6732, 0.1252, 0.0006, 0.0], [0.0, 0.0, 0.0, 0.0, 0.0, 0.0001, 0.0044, 0.1252, 0.7744, 0.0959, 0.0001], [0.0, 0.0, 0.0, 0.0, 0.0, 0.0, 0.0, 0.0006, 0.0959, 0.8464, 0.057], [0.0, 0.0, 0.0, 0.0, 0.0, 0.0, 0.0, 0.0, 0.0001, 0.057, 0.9429]]",-0.3688 kcal/mol,0.1530 kcal/mol
8,"[(0.0, 0.0000e+00 kcal/mol, 0.0000e+00 kcal/mol), (0.1, -4.8125 kcal/mol, 0.0478 kcal/mol), (0.2, -8.6487 kcal/mol, 0.0647 kcal/mol), (0.3, -12.3104 kcal/mol, 0.0746 kcal/mol), (0.4, -16.1502 kcal/mol, 0.0823 kcal/mol), (0.5, -20.5002 kcal/mol, 0.0894 kcal/mol), (0.6, -25.4777 kcal/mol, 0.0961 kcal/mol), (0.7, -31.0378 kcal/mol, 0.1024 kcal/mol), (0.8, -37.1924 kcal/mol, 0.1086 kcal/mol), (0.9, -43.8814 kcal/mol, 0.1144 kcal/mol), (1.0, -51.1034 kcal/mol, 0.1203 kcal/mol)]","[(0.0, 0.0000e+00 kcal/mol, 0.0000e+00 kcal/mol), (0.1, -5.3265 kcal/mol, 0.0642 kcal/mol), (0.2, -9.4258 kcal/mol, 0.0794 kcal/mol), (0.3, -13.0919 kcal/mol, 0.0885 kcal/mol), (0.4, -16.9322 kcal/mol, 0.0960 kcal/mol), (0.5, -21.2421 kcal/mol, 0.1026 kcal/mol), (0.6, -26.2292 kcal/mol, 0.1093 kcal/mol), (0.7, -31.8501 kcal/mol, 0.1153 kcal/mol), (0.8, -37.9697 kcal/mol, 0.1213 kcal/mol), (0.9, -44.6931 kcal/mol, 0.1273 kcal/mol), (1.0, -51.8833 kcal/mol, 0.1330 kcal/mol)]","[[0.8818, 0.116, 0.0021, 0.0, 0.0, 0.0, 0.0, 0.0, 0.0, 0.0, 0.0], [0.116, 0.7061, 0.1699, 0.0078, 0.0001, 0.0, 0.0, 0.0, 0.0, 0.0, 0.0], [0.0021, 0.1699, 0.6019, 0.2093, 0.0165, 0.0002, 0.0, 0.0, 0.0, 0.0, 0.0], [0.0, 0.0078, 0.2093, 0.5449, 0.2205, 0.0173, 0.0002, 0.0, 0.0, 0.0, 0.0], [0.0, 0.0001, 0.0165, 0.2205, 0.5265, 0.2203, 0.0158, 0.0002, 0.0, 0.0, 0.0], [0.0, 0.0, 0.0002, 0.0173, 0.2203, 0.5256, 0.2202, 0.0161, 0.0002, 0.0, 0.0], [0.0, 0.0, 0.0, 0.0002, 0.0158, 0.2202, 0.5303, 0.2191, 0.0141, 0.0002, 0.0], [0.0, 0.0, 0.0, 0.0, 0.0002, 0.0161, 0.2191, 0.5353, 0.2152, 0.0139, 0.0001], [0.0, 0.0, 0.0, 0.0, 0.0, 0.0002, 0.0141, 0.2152, 0.5407, 0.2175, 0.0122], [0.0, 0.0, 0.0, 0.0, 0.0, 0.0, 0.0002, 0.0139, 0.2175, 0.5509, 0.2175], [0.0, 0.0, 0.0, 0.0, 0.0, 0.0, 0.0, 0.0001, 0.0122, 0.2175, 0.7701]]","[[0.9202, 0.0788, 0.001, 0.0, 0.0, 0.0, 0.0, 0.0, 0.0, 0.0, 0.0], [0.0788, 0.7472, 0.1658, 0.0081, 0.0001, 0.0, 0.0, 0.0, 0.0, 0.0, 0.0], [0.001, 0.1658, 0.609, 0.2091, 0.0148, 0.0002, 0.0, 0.0, 0.0, 0.0, 0.0], [0.0, 0.0081, 0.2091, 0.5463, 0.2183, 0.018, 0.0002, 0.0, 0.0, 0.0, 0.0], [0.0, 0.0001, 0.0148, 0.2183, 0.5271, 0.224, 0.0155, 0.0002, 0.0, 0.0, 0.0], [0.0, 0.0, 0.0002, 0.018, 0.224, 0.5304, 0.2121, 0.0151, 0.0002, 0.0, 0.0], [0.0, 0.0, 0.0, 0.0002, 0.0155, 0.2121, 0.5283, 0.227, 0.0167, 0.0002, 0.0], [0.0, 0.0, 0.0, 0.0, 0.0002, 0.0151, 0.227, 0.531, 0.2141, 0.0125, 0.0001], [0.0, 0.0, 0.0, 0.0, 0.0, 0.0002, 0.0167, 0.2141, 0.5432, 0.2126, 0.0133], [0.0, 0.0, 0.0, 0.0, 0.0, 0.0, 0.0002, 0.0125, 0.2126, 0.5558, 0.219], [0.0, 0.0, 0.0, 0.0, 0.0, 0.0, 0.0, 0.0001, 0.0133, 0.219, 0.7676]]",-0.7799 kcal/mol,0.1793 kcal/mol
9,"[(0.0, 0.0000e+00 kcal/mol, 0.0000e+00 kcal/mol), (0.1, -0.3278 kcal/mol, 0.0787 kcal/mol), (0.2, -0.3034 kcal/mol, 0.1092 kcal/mol), (0.3, 0.2925 kcal/mol, 0.1290 kcal/mol), (0.4, 0.9247 kcal/mol, 0.1450 kcal/mol), (0.5, 1.4259 kcal/mol, 0.1581 kcal/mol), (0.6, 1.8461 kcal/mol, 0.1690 kcal/mol), (0.7, 2.1411 kcal/mol, 0.1790 kcal/mol), (0.8, 2.1471 kcal/mol, 0.1873 kcal/mol), (0.9, 2.1609 kcal/mol, 0.1951 kcal/mol), (1.0, 1.8879 kcal/mol, 0.2019 kcal/mol)]","[(0.0, 0.0000e+00 kcal/mol, 0.0000e+00 kcal/mol), (0.1, -0.7957 kcal/mol, 0.0822 kcal/mol), (0.2, -0.9824 kcal/mol, 0.1244 kcal/mol), (0.3, -0.7324 kcal/mol, 0.1448 kcal/mol), (0.4, -0.3193 kcal/mol, 0.1610 kcal/mol), (0.5, 0.0710 kcal/mol, 0.1743 kcal/mol), (0.6, 0.2119 kcal/mol, 0.1867 kcal/mol), (0.7, 0.1101 kcal/mol, 0.1961 kcal/mol), (0.8, -0.0183 kcal/mol, 0.2057 kcal/mol), (0.9, -0.1953 kcal/mol, 0.2128 kcal/mol), (1.0, -0.3094 kcal/mol, 0.2200 kcal/mol)]","[[0.9471, 0.0529, 0.0, 0.0, 0.0, 0.0, 0.0, 0.0, 0.0, 0.0, 0.0], [0.0529, 0.883, 0.064, 0.0, 0.0, 0.0, 0.0, 0.0, 0.0, 0.0, 0.0], [0.0, 0.064, 0.8584, 0.0776, 0.0, 0.0, 0.0, 0.0, 0.0, 0.0, 0.0], [0.0, 0.0, 0.0776, 0.839, 0.0834, 0.0001, 0.0, 0.0, 0.0, 0.0, 0.0], [0.0, 0.0, 0.0, 0.0834, 0.8247, 0.0918, 0.0001, 0.0, 0.0, 0.0, 0.0], [0.0, 0.0, 0.0, 0.0001, 0.0918, 0.8055, 0.1024, 0.0002, 0.0, 0.0, 0.0], [0.0, 0.0, 0.0, 0.0, 0.0001, 0.1024, 0.7921, 0.1051, 0.0002, 0.0, 0.0], [0.0, 0.0, 0.0, 0.0, 0.0, 0.0002, 0.1051, 0.7748, 0.1194, 0.0005, 0.0], [0.0, 0.0, 0.0, 0.0, 0.0, 0.0, 0.0002, 0.1194, 0.7595, 0.1205, 0.0005], [0.0, 0.0, 0.0, 0.0, 0.0, 0.0, 0.0, 0.0005, 0.1205, 0.7433, 0.1358], [0.0, 0.0, 0.0, 0.0, 0.0, 0.0, 0.0, 0.0, 0.0005, 0.1358, 0.8638]]","[[0.943, 0.057, 0.0, 0.0, 0.0, 0.0, 0.0, 0.0, 0.0, 0.0, 0.0], [0.057, 0.8933, 0.0497, 0.0, 0.0, 0.0, 0.0, 0.0, 0.0, 0.0, 0.0], [0.0, 0.0497, 0.8713, 0.079, 0.0, 0.0, 0.0, 0.0, 0.0, 0.0, 0.0], [0.0, 0.0, 0.079, 0.8336, 0.0873, 0.0001, 0.0, 0.0, 0.0, 0.0, 0.0], [0.0, 0.0, 0.0, 0.0873, 0.8157, 0.0969, 0.0001, 0.0, 0.0, 0.0, 0.0], [0.0, 0.0, 0.0, 0.0001, 0.0969, 0.8062, 0.0967, 0.0001, 0.0, 0.0, 0.0], [0.0, 0.0, 0.0, 0.0, 0.0001, 0.0967, 0.7835, 0.1194, 0.0003, 0.0, 0.0], [0.0, 0.0, 0.0, 0.0, 0.0, 0.0001, 0.1194, 0.7679, 0.1121, 0.0004, 0.0], [0.0, 0.0, 0.0, 0.0, 0.0, 0.0, 0.0003, 0.1121, 0.743, 0.1438, 0.0008], [0.0, 0.0, 0.0, 0.0, 0.0, 0.0, 0.0, 0.0004, 0.1438, 0.7201, 0.1356], [0.0, 0.0, 0.0, 0.0, 0.0, 0.0, 0.0, 0.0, 0.0008, 0.1356, 0.8636]]",-2.1973 kcal/mol,0.2986 kcal/mol
10,"[(0.0, 0.0000e+00 kcal/mol, 0.0000e+00 kcal/mol), (0.1, -3.0665 kcal/mol, 0.0341 kcal/mol), (0.2, -5.5725 kcal/mol, 0.0497 kcal/mol), (0.3, -7.8724 kcal/mol, 0.0602 kcal/mol), (0.4, -10.2682 kcal/mol, 0.0685 kcal/mol), (0.5, -12.8399 kcal/mol, 0.0756 kcal/mol), (0.6, -15.6143 kcal/mol, 0.0821 kcal/mol), (0.7, -18.6453 kcal/mol, 0.0886 kcal/mol), (0.8, -21.9961 kcal/mol, 0.0949 kcal/mol), (0.9, -25.5883 kcal/mol, 0.1007 kcal/mol), (1.0, -29.4242 kcal/mol, 0.1064 kcal/mol)]","[(0.0, 0.0000e+00 kcal/mol, 0.0000e+00 kcal/mol), (0.1, -3.0473 kcal/mol, 0.0163 kcal/mol), (0.2, -5.6279 kcal/mol, 0.0216 kcal/mol), (0.3, -7.9187 kcal/mol, 0.0250 kcal/mol), (0.4, -10.3138 kcal/mol, 0.0280 kcal/mol), (0.5, -12.9707 kcal/mol, 0.0305 kcal/mol), (0.6, -15.8695 kcal/mol, 0.0328 kcal/mol), (0.7, -19.0363 kcal/mol, 0.0350 kcal/mol), (0.8, -22.3825 kcal/mol, 0.0370 kcal/mol), (0.9, -25.8912 kcal/mol, 0.0390 kcal/mol), (1.0, -29.6583 kcal/mol, 0.0411 kcal/mol)]","[[0.815, 0.1757, 0.0092, 0.0002, 0.0, 0.0, 0.0, 0.0, 0.0, 0.0, 0.0], [0.1757, 0.5963, 0.2112, 0.0165, 0.0004, 0.0, 0.0, 0.0, 0.0, 0.0, 0.0], [0.0092, 0.2112, 0.5407, 0.2181, 0.0203, 0.0005, 0.0, 0.0, 0.0, 0.0, 0.0], [0.0002, 0.0165, 0.2181, 0.5114, 0.2293, 0.024, 0.0006, 0.0, 0.0, 0.0, 0.0], [0.0, 0.0004, 0.0203, 0.2293, 0.4959, 0.2295, 0.0241, 0.0005, 0.0, 0.0, 0.0], [0.0, 0.0, 0.0005, 0.024, 0.2295, 0.4909, 0.2334, 0.0213, 0.0003, 0.0, 0.0], [0.0, 0.0, 0.0, 0.0006, 0.0241, 0.2334, 0.4991, 0.2244, 0.0181, 0.0003, 0.0], [0.0, 0.0, 0.0, 0.0, 0.0005, 0.0213, 0.2244, 0.5126, 0.222, 0.019, 0.0003], [0.0, 0.0, 0.0, 0.0, 0.0, 0.0003, 0.0181, 0.222, 0.5177, 0.2248, 0.017], [0.0, 0.0, 0.0, 0.0, 0.0, 0.0, 0.0003, 0.019, 0.2248, 0.5228, 0.2331], [0.0, 0.0, 0.0, 0.0, 0.0, 0.0, 0.0, 0.0003, 0.017, 0.2331, 0.7496]]","[[0.7689, 0.2243, 0.0068, 0.0001, 0.0, 0.0, 0.0, 0.0, 0.0, 0.0, 0.0], [0.1121, 0.6731, 0.1991, 0.0154, 0.0003, 0.0, 0.0, 0.0, 0.0, 0.0, 0.0], [0.0034, 0.1991, 0.5541, 0.2249, 0.0182, 0.0003, 0.0, 0.0, 0.0, 0.0, 0.0], [0.0001, 0.0154, 0.2249, 0.5198, 0.2197, 0.0198, 0.0004, 0.0, 0.0, 0.0, 0.0], [0.0, 0.0003, 0.0182, 0.2197, 0.5086, 0.2305, 0.0223, 0.0004, 0.0, 0.0, 0.0], [0.0, 0.0, 0.0003, 0.0198, 0.2305, 0.5011, 0.2272, 0.0207, 0.0004, 0.0, 0.0], [0.0, 0.0, 0.0, 0.0004, 0.0223, 0.2272, 0.5005, 0.2268, 0.0222, 0.0004, 0.0], [0.0, 0.0, 0.0, 0.0, 0.0004, 0.0207, 0.2268, 0.4998, 0.231, 0.021, 0.0003], [0.0, 0.0, 0.0, 0.0, 0.0, 0.0004, 0.0222, 0.231, 0.5049, 0.225, 0.0164], [0.0, 0.0, 0.0, 0.0, 0.0, 0.0, 0.0004, 0.021, 0.225, 0.5284, 0.2251], [0.0, 0.0, 0.0, 0.0, 0.0, 0.0, 0.0, 0.0003, 0.0164, 0.2251, 0.7582]]",-0.2341 kcal/mol,0.1141 kcal/mol
11,"[(0.0, 0.0000e+00 kcal/mol, 0.0000e+00 kcal/mol), (0.1, -3.4607 kcal/mol, 0.0558 kcal/mol), (0.2, -5.6837 kcal/mol, 0.0749 kcal/mol), (0.3, -7.2232 kcal/mol, 0.0865 kcal/mol), (0.4, -8.4878 kcal/mol, 0.0955 kcal/mol), (0.5, -9.7693 kcal/mol, 0.1040 kcal/mol), (0.6, -11.1776 kcal/mol, 0.1118 kcal/mol), (0.7, -12.7209 kcal/mol, 0.1196 kcal/mol), (0.8, -14.4243 kcal/mol, 0.1271 kcal/mol), (0.9, -16.2298 kcal/mol, 0.1344 kcal/mol), (1.0, -18.0936 kcal/mol, 0.1417 kcal/mol)]","[(0.0, 0.0000e+00 kcal/mol, 0.0000e+00 kcal/mol), (0.1, -3.6153 kcal/mol, 0.0718 kcal/mol), (0.2, -5.8878 kcal/mol, 0.0934 kcal/mol), (0.3, -7.3138 kcal/mol, 0.1055 kcal/mol), (0.4, -8.3837 kcal/mol, 0.1155 kcal/mol), (0.5, -9.4808 kcal/mol, 0.1243 kcal/mol), (0.6, -10.7000 kcal/mol, 0.1331 kcal/mol), (0.7, -12.1611 kcal/mol, 0.1417 kcal/mol), (0.8, -13.7866 kcal/mol, 0.1500 kcal/mol), (0.9, -15.6235 kcal/mol, 0.1588 kcal/mol), (1.0, -17.4819 kcal/mol, 0.1666 kcal/mol)]","[[0.8998, 0.0994, 0.0007, 0.0, 0.0, 0.0, 0.0, 0.0, 0.0, 0.0, 0.0], [0.0994, 0.747, 0.1498, 0.0038, 0.0, 0.0, 0.0, 0.0, 0.0, 0.0, 0.0], [0.0007, 0.1498, 0.6546, 0.1871, 0.0077, 0.0, 0.0, 0.0, 0.0, 0.0, 0.0], [0.0, 0.0038, 0.1871, 0.5971, 0.2035, 0.0085, 0.0, 0.0, 0.0, 0.0, 0.0], [0.0, 0.0, 0.0077, 0.2035, 0.585, 0.196, 0.0078, 0.0, 0.0, 0.0, 0.0], [0.0, 0.0, 0.0, 0.0085, 0.196, 0.5875, 0.2012, 0.0068, 0.0, 0.0, 0.0], [0.0, 0.0, 0.0, 0.0, 0.0078, 0.2012, 0.5937, 0.1918, 0.0055, 0.0, 0.0], [0.0, 0.0, 0.0, 0.0, 0.0, 0.0068, 0.1918, 0.6078, 0.1886, 0.005, 0.0], [0.0, 0.0, 0.0, 0.0, 0.0, 0.0, 0.0055, 0.1886, 0.6167, 0.1852, 0.004], [0.0, 0.0, 0.0, 0.0, 0.0, 0.0, 0.0, 0.005, 0.1852, 0.6264, 0.1834], [0.0, 0.0, 0.0, 0.0, 0.0, 0.0, 0.0, 0.0, 0.004, 0.1834, 0.8126]]","[[0.9181, 0.0813, 0.0006, 0.0, 0.0, 0.0, 0.0, 0.0, 0.0, 0.0, 0.0], [0.0813, 0.7798, 0.1353, 0.0035, 0.0, 0.0, 0.0, 0.0, 0.0, 0.0, 0.0], [0.0006, 0.1353, 0.6668, 0.1898, 0.0074, 0.0, 0.0, 0.0, 0.0, 0.0, 0.0], [0.0, 0.0035, 0.1898, 0.6018, 0.1967, 0.008, 0.0, 0.0, 0.0, 0.0, 0.0], [0.0, 0.0, 0.0074, 0.1967, 0.5819, 0.2061, 0.0079, 0.0, 0.0, 0.0, 0.0], [0.0, 0.0, 0.0, 0.008, 0.2061, 0.5875, 0.1925, 0.0058, 0.0, 0.0, 0.0], [0.0, 0.0, 0.0, 0.0, 0.0079, 0.1925, 0.6014, 0.1927, 0.0055, 0.0, 0.0], [0.0, 0.0, 0.0, 0.0, 0.0, 0.0058, 0.1927, 0.6106, 0.1865, 0.0043, 0.0], [0.0, 0.0, 0.0, 0.0, 0.0, 0.0, 0.0055, 0.1865, 0.6349, 0.1688, 0.0042], [0.0, 0.0, 0.0, 0.0, 0.0, 0.0, 0.0, 0.0043, 0.1688, 0.6403, 0.1865], [0.0, 0.0, 0.0, 0.0, 0.0, 0.0, 0.0, 0.0, 0.0042, 0.1865, 0.8092]]",0.6117 kcal/mol,0.2187 kcal/mol
13,"[(0.0, 0.0000e+00 kcal/mol, 0.0000e+00 kcal/mol), (0.1, -3.2829 kcal/mol, 0.0419 kcal/mol), (0.2, -5.9995 kcal/mol, 0.0612 kcal/mol), (0.3, -8.5491 kcal/mol, 0.0738 kcal/mol), (0.4, -11.0863 kcal/mol, 0.0836 kcal/mol), (0.5, -13.7625 kcal/mol, 0.0921 kcal/mol), (0.6, -16.5097 kcal/mol, 0.1003 kcal/mol), (0.7, -19.2933 kcal/mol, 0.1084 kcal/mol), (0.8, -21.9215 kcal/mol, 0.1174 kcal/mol), (0.9, -23.9987 kcal/mol, 0.1280 kcal/mol), (1.0, -25.1066 kcal/mol, 0.1419 kcal/mol)]","[(0.0, 0.0000e+00 kcal/mol, 0.0000e+00 kcal/mol), (0.1, -3.6180 kcal/mol, 0.0497 kcal/mol), (0.2, -6.3387 kcal/mol, 0.0679 kcal/mol), (0.3, -8.7094 kcal/mol, 0.0807 kcal/mol), (0.4, -11.1340 kcal/mol, 0.0914 kcal/mol), (0.5, -13.8036 kcal/mol, 0.1007 kcal/mol), (0.6, -16.5954 kcal/mol, 0.1087 kcal/mol), (0.7, -19.2915 kcal/mol, 0.1167 kcal/mol), (0.8, -21.6993 kcal/mol, 0.1275 kcal/mol), (0.9, -23.7390 kcal/mol, 0.1385 kcal/mol), (1.0, -24.2520 kcal/mol, 0.1563 kcal/mol)]","[[0.8585, 0.1395, 0.002, 0.0, 0.0, 0.0, 0.0, 0.0, 0.0, 0.0, 0.0], [0.1395, 0.694, 0.1627, 0.0038, 0.0, 0.0, 0.0, 0.0, 0.0, 0.0, 0.0], [0.002, 0.1627, 0.6446, 0.1845, 0.0062, 0.0, 0.0, 0.0, 0.0, 0.0, 0.0], [0.0, 0.0038, 0.1845, 0.6069, 0.1978, 0.0069, 0.0, 0.0, 0.0, 0.0, 0.0], [0.0, 0.0, 0.0062, 0.1978, 0.5873, 0.2008, 0.0079, 0.0, 0.0, 0.0, 0.0], [0.0, 0.0, 0.0, 0.0069, 0.2008, 0.5941, 0.1925, 0.0057, 0.0, 0.0, 0.0], [0.0, 0.0, 0.0, 0.0, 0.0079, 0.1925, 0.6129, 0.1832, 0.0035, 0.0, 0.0], [0.0, 0.0, 0.0, 0.0, 0.0, 0.0057, 0.1832, 0.6494, 0.1599, 0.0018, 0.0], [0.0, 0.0, 0.0, 0.0, 0.0, 0.0, 0.0035, 0.1599, 0.7084, 0.1278, 0.0004], [0.0, 0.0, 0.0, 0.0, 0.0, 0.0, 0.0, 0.0018, 0.1278, 0.779, 0.0913], [0.0, 0.0, 0.0, 0.0, 0.0, 0.0, 0.0, 0.0, 0.0004, 0.0913, 0.9083]]","[[0.8804, 0.1179, 0.0017, 0.0, 0.0, 0.0, 0.0, 0.0, 0.0, 0.0, 0.0], [0.1179, 0.7078, 0.1696, 0.0047, 0.0, 0.0, 0.0, 0.0, 0.0, 0.0, 0.0], [0.0017, 0.1696, 0.6407, 0.1827, 0.0052, 0.0, 0.0, 0.0, 0.0, 0.0, 0.0], [0.0, 0.0047, 0.1827, 0.6189, 0.1878, 0.0059, 0.0, 0.0, 0.0, 0.0, 0.0], [0.0, 0.0, 0.0052, 0.1878, 0.6064, 0.193, 0.0075, 0.0, 0.0, 0.0, 0.0], [0.0, 0.0, 0.0, 0.0059, 0.193, 0.594, 0.2002, 0.0068, 0.0, 0.0, 0.0], [0.0, 0.0, 0.0, 0.0, 0.0075, 0.2002, 0.5973, 0.1918, 0.0032, 0.0, 0.0], [0.0, 0.0, 0.0, 0.0, 0.0, 0.0068, 0.1918, 0.6627, 0.1377, 0.001, 0.0], [0.0, 0.0, 0.0, 0.0, 0.0, 0.0, 0.0032, 0.1377, 0.7293, 0.1296, 0.0003], [0.0, 0.0, 0.0, 0.0, 0.0, 0.0, 0.0, 0.001, 0.1296, 0.796, 0.0734], [0.0, 0.0, 0.0, 0.0, 0.0, 0.0, 0.0, 0.0, 0.0003, 0.0734, 0.9263]]",0.8546 kcal/mol,0.2111 kcal/mol
16,"[(0.0, 0.0000e+00 kcal/mol, 0.0000e+00 kcal/mol), (0.1, -2.6914 kcal/mol, 0.1163 kcal/mol), (0.2, -4.0579 kcal/mol, 0.1526 kcal/mol), (0.3, -4.7614 kcal/mol, 0.1724 kcal/mol), (0.4, -5.3434 kcal/mol, 0.1873 kcal/mol), (0.5, -6.1003 kcal/mol, 0.2018 kcal/mol), (0.6, -7.2826 kcal/mol, 0.2144 kcal/mol), (0.7, -8.7712 kcal/mol, 0.2257 kcal/mol), (0.8, -10.5818 kcal/mol, 0.2352 kcal/mol), (0.9, -12.7901 kcal/mol, 0.2440 kcal/mol), (1.0, -15.2935 kcal/mol, 0.2519 kcal/mol)]","[(0.0, 0.0000e+00 kcal/mol, 0.0000e+00 kcal/mol), (0.1, -3.4202 kcal/mol, 0.1092 kcal/mol), (0.2, -4.9070 kcal/mol, 0.1433 kcal/mol), (0.3, -5.6686 kcal/mol, 0.1630 kcal/mol), (0.4, -6.3942 kcal/mol, 0.1800 kcal/mol), (0.5, -7.3656 kcal/mol, 0.1956 kcal/mol), (0.6, -8.6971 kcal/mol, 0.2067 kcal/mol), (0.7, -10.2112 kcal/mol, 0.2186 kcal/mol), (0.8, -12.3360 kcal/mol, 0.2282 kcal/mol), (0.9, -14.7190 kcal/mol, 0.2364 kcal/mol), (1.0, -17.3602 kcal/mol, 0.2440 kcal/mol)]","[[0.9687, 0.0313, 0.0, 0.0, 0.0, 0.0, 0.0, 0.0, 0.0, 0.0, 0.0], [0.0313, 0.9226, 0.0461, 0.0, 0.0, 0.0, 0.0, 0.0, 0.0, 0.0, 0.0], [0.0, 0.0461, 0.8839, 0.07, 0.0, 0.0, 0.0, 0.0, 0.0, 0.0, 0.0], [0.0, 0.0, 0.07, 0.8456, 0.0844, 0.0, 0.0, 0.0, 0.0, 0.0, 0.0], [0.0, 0.0, 0.0, 0.0844, 0.8356, 0.0799, 0.0, 0.0, 0.0, 0.0, 0.0], [0.0, 0.0, 0.0, 0.0, 0.0799, 0.8344, 0.0856, 0.0001, 0.0, 0.0, 0.0], [0.0, 0.0, 0.0, 0.0, 0.0, 0.0856, 0.8238, 0.0905, 0.0001, 0.0, 0.0], [0.0, 0.0, 0.0, 0.0, 0.0, 0.0001, 0.0905, 0.8062, 0.1031, 0.0001, 0.0], [0.0, 0.0, 0.0, 0.0, 0.0, 0.0, 0.0001, 0.1031, 0.7911, 0.1055, 0.0002], [0.0, 0.0, 0.0, 0.0, 0.0, 0.0, 0.0, 0.0001, 0.1055, 0.7799, 0.1144], [0.0, 0.0, 0.0, 0.0, 0.0, 0.0, 0.0, 0.0, 0.0002, 0.1144, 0.8854]]","[[0.9668, 0.0332, 0.0, 0.0, 0.0, 0.0, 0.0, 0.0, 0.0, 0.0, 0.0], [0.0332, 0.9178, 0.0491, 0.0, 0.0, 0.0, 0.0, 0.0, 0.0, 0.0, 0.0], [0.0, 0.0491, 0.8808, 0.0701, 0.0, 0.0, 0.0, 0.0, 0.0, 0.0, 0.0], [0.0, 0.0, 0.0701, 0.8572, 0.0727, 0.0, 0.0, 0.0, 0.0, 0.0, 0.0], [0.0, 0.0, 0.0, 0.0727, 0.8554, 0.0718, 0.0, 0.0, 0.0, 0.0, 0.0], [0.0, 0.0, 0.0, 0.0, 0.0718, 0.833, 0.0952, 0.0001, 0.0, 0.0, 0.0], [0.0, 0.0, 0.0, 0.0, 0.0, 0.0952, 0.8214, 0.0834, 0.0001, 0.0, 0.0], [0.0, 0.0, 0.0, 0.0, 0.0, 0.0001, 0.0834, 0.818, 0.0984, 0.0001, 0.0], [0.0, 0.0, 0.0, 0.0, 0.0, 0.0, 0.0001, 0.0984, 0.7914, 0.11, 0.0002], [0.0, 0.0, 0.0, 0.0, 0.0, 0.0, 0.0, 0.0001, 0.11, 0.7753, 0.1146], [0.0, 0.0, 0.0, 0.0, 0.0, 0.0, 0.0, 0.0, 0.0002, 0.1146, 0.8852]]",-2.0667 kcal/mol,0.3507 kcal/mol
